"SPECIES","ICELANDIC","ENGLISH","LATIN"
1,"Þorskur","Cod","Gadus morhua (Linnaeus, 1758)"
2,"Ýsa","Haddock","Melanogrammus aeglefinus (Linnaeus, 1758)"
3,"Ufsi","Saithe","Pollachius virens (Linnaeus, 1758)"
4,"Lýsa","Whiting","Merlangius merlangus (Linnaeus, 1758)"
5,"Karfi / Gullkarfi","Redfish","Sebastes marinus (Linnaeus, 1758)"
6,"Langa","Ling","Molva molva (Linnaeus, 1758)"
7,"Blálanga","Blue ling, European ling","Molva dipterygia (Pennant, 1784)"
8,"Keila","Tusk, torsk, cusk","Brosme brosme (Ascanius, 1772)"
9,"Steinbítur","Atlantic wolffish","Anarhichas lupus Linnaeus, 1758"
12,"Tindaskata","Starry ray, thorny skate","Raja (Amblyraja) radiata Donovan, 1808"
13,"Hlýri","Spotted wolffish, leopardfish","Anarhichas minor Olafsson, 1772"
14,"Skötuselur","Monkfish","Lophius piscatorius Linnaeus, 1758"
15,"Skata","Skate","Raja (Dipturus) batis Linnaeus, 1758"
21,"Lúða","Halibut","Hippoglossus hippoglossus (Linnaeus, 1758)"
22,"Grálúða","Greenland halibut","Reinhardtius hippoglossoides (Walbaum, 1792)"
23,"Skarkoli","Plaice","Pleuronectes platessa Linnaeus, 1758"
24,"Þykkvalúra / Sólkoli","Lemon sole","Microstomus kitt (Walbaum, 1792)"
25,"Langlúra","Witch","Glyptocephalus cynoglossus (Linnaeus, 1758)"
26,"Stórkjafta / Öfugkjafta","Megrim","Lepidorhombus whiffiagonis (Walbaum, 1792)"
27,"Sandkoli","Dab","Limanda limanda (Linnaeus, 1758)"
28,"Skrápflúra","Long rough dab","Hippoglossoides platessoides limandoides (Bloch, 1787)"
61,"Djúpkarfi","Deepwater redfish","Sebastes mentella Travin, 1951 (105)"
